symbol,source_feed,bucket,required_asset,last_date,polygon_ticker,security_type,note
ADAC,polygon,polygon_only_coverage_gap,False,,ADAC,CS,American Drive Acquisition Company Class A Ordinary Shares
AGM.A,polygon,polygon_only_coverage_gap,False,,AGM.A,CS,Federal Agricultural Mortgage Corporation Class A Voting
ALDF,polygon,polygon_only_coverage_gap,False,,ALDF,CS,Aldel Financial II Inc. Class A Ordinary Shares
ALF,polygon,polygon_only_coverage_gap,False,,ALF,CS,Centurion Acquisition Corp. Class A Ordinary Shares
ALUB,polygon,polygon_only_coverage_gap,False,,ALUB,CS,Alussa Energy Acquisition Corp. II
ANSC,polygon,polygon_only_coverage_gap,False,,ANSC,CS,Agriculture & Natural Solutions Acquisition Corporation Class A Ordinary Shares
APAC,polygon,polygon_only_coverage_gap,False,,APAC,CS,StoneBridge Acquisition II Corporation Class A Ordinary Shares
AXIAp,polygon,polygon_only_coverage_gap,False,,AXIAp,ADRC,"AXIA Energia American Depositary Shares, each representing one Preferred Class B1 Share"
BGLC,polygon,polygon_only_coverage_gap,False,,BGLC,CS,BioNexus Gene Lab Corp Common stock
BKHA,polygon,polygon_only_coverage_gap,False,,BKHA,CS,Black Hawk Acquisition Corporation Class A Ordinary Shares
BLIV,polygon,polygon_only_coverage_gap,False,,BLIV,CS,BeLive Holdings Ordinary Share
BPAC,polygon,polygon_only_coverage_gap,False,,BPAC,CS,Blueport Acquisition Ltd Class A Ordinary Shares
BSAA,polygon,polygon_only_coverage_gap,False,,BSAA,CS,BEST SPAC I Acquisition Corp. Class A Ordinary Shares
BYFC,polygon,polygon_only_coverage_gap,False,,BYFC,CS,Broadway Financial Corp/Del
CAPN,polygon,polygon_only_coverage_gap,False,,CAPN,CS,Cayson Acquisition Corp Ordinary shares
CHPG,polygon,polygon_only_coverage_gap,False,,CHPG,CS,ChampionsGate Acquisition Corporation Class A Ordinary Share
CNF,polygon,polygon_only_coverage_gap,False,,CNF,ADRC,"CNFinance Holdings Limited American Depositary Shares, each representing two hundred (200) Ordinary Shares"
CON,polygon,polygon_only_coverage_gap,False,,CON,CS,"Concentra Group Holdings Parent, Inc."
DBCA,polygon,polygon_only_coverage_gap,False,,DBCA,CS,D. Boral Acquisition I Corp. Class A Ordinary Shares
DMII,polygon,polygon_only_coverage_gap,False,,DMII,CS,Drugs Made In America Acquisition II Corp. Ordinary Shares
EURK,polygon,polygon_only_coverage_gap,False,,EURK,CS,Eureka Acquisition Corp Class A Ordinary Share
EVOX,polygon,polygon_only_coverage_gap,False,,EVOX,CS,Evolution Global Acquisition Corp Class A Ordinary Shares
FIGX,polygon,polygon_only_coverage_gap,False,,FIGX,CS,FIGX Capital Acquisition Corp. Class A Ordinary Share
FORTY,polygon,polygon_only_coverage_gap,False,,FORTY,ADRC,Formula Systems 1985 Ltd
FVAV,polygon,polygon_only_coverage_gap,False,,FVAV,CS,Fortress Value Acquisition Corp. V Class A Ordinary Shares
FVN,polygon,polygon_only_coverage_gap,False,,FVN,CS,Future Vision II Acquisition Corporation Ordinary shares
GECCH,polygon,polygon_only_coverage_gap,False,,GECCH,CS,Great Elm Capital Corp. 8.125% Notes Due 2029
GRAF,polygon,polygon_only_coverage_gap,False,,GRAF,CS,Graf Global Corp.
GRF,polygon,polygon_only_coverage_gap,False,,GRF,FUND,"Eagle Capital Growth Fund, Inc."
GSHR,polygon,polygon_only_coverage_gap,False,,GSHR,CS,Gesher Acquisition Corp. II Class A Ordinary Shares
HAVAR,polygon,polygon_only_coverage_gap,False,,HAVAR,CS,Harvard Ave Acquisition Corporation Rights that convert on a 1/10th of 1 basis to Class A ordinary Shares
HDL,polygon,polygon_only_coverage_gap,False,,HDL,ADRC,SUPER HI INTERNATIONAL HOLDING LTD. American Depositary Shares
HVMC,polygon,polygon_only_coverage_gap,False,,HVMC,CS,Highview Merger Corp. Class A Ordinary Share
HVT.A,polygon,polygon_only_coverage_gap,False,,HVT.A,CS,"Haverty Furniture Companies, Inc. Class A"
IGAC,polygon,polygon_only_coverage_gap,False,,IGAC,CS,Invest Green Acquisition Corporation Class A Ordinary Shares
INAC,polygon,polygon_only_coverage_gap,False,,INAC,CS,Indigo Acquisition Corp. Ordinary Shares
IRAB,polygon,polygon_only_coverage_gap,False,,IRAB,CS,Iris Acquisition Corp II
ITHA,polygon,polygon_only_coverage_gap,False,,ITHA,CS,ITHAX Acquisition Corp III Class A Ordinary Shares
KBON,polygon,polygon_only_coverage_gap,False,,KBON,CS,Karbon Capital Partners Corp. Class A Ordinary Shares
KCHV,polygon,polygon_only_coverage_gap,False,,KCHV,CS,Kochav Defense Acquisition Corp. Class A Ordinary Shares
KFII,polygon,polygon_only_coverage_gap,False,,KFII,CS,K&F Growth Acquisition Corp. II Class A Ordinary shares
KRKR,polygon,polygon_only_coverage_gap,False,,KRKR,ADRC,36Kr Holdings Inc. American Depositary Shares
LCCC,polygon,polygon_only_coverage_gap,False,,LCCC,CS,Lakeshore Acquisition III Corp. Ordinary Shares
LPBB,polygon,polygon_only_coverage_gap,False,,LPBB,CS,Launch Two Acquisition Corp. Class A Ordinary Shares
LRE,polygon,polygon_only_coverage_gap,False,,LRE,ADRC,"Lead Real Estate Co., Ltd American Depositary Shares"
LWAC,polygon,polygon_only_coverage_gap,False,,LWAC,CS,LightWave Acquisition Corp. Class A Ordinary Shares
MACI,polygon,polygon_only_coverage_gap,False,,MACI,CS,Melar Acquisition Corp. I Class A Ordinary Shares
MAYS,polygon,polygon_only_coverage_gap,False,,MAYS,CS,Mays (J.W.) Inc
MESH,polygon,polygon_only_coverage_gap,False,,MESH,CS,Meshflow Acquisition Corp. Class A Ordinary Shares
MOG.B,polygon,polygon_only_coverage_gap,False,,MOG.B,CS,MOOG INC CL B
NEWTI,polygon,polygon_only_coverage_gap,False,,NEWTI,CS,"NewtekOne, Inc. 8.00% Fixed Rate Senior Notes due 2028"
NEWTO,polygon,polygon_only_coverage_gap,False,,NEWTO,CS,"NewtekOne, Inc. 8.50% Fixed Rate Senior Notes due 2031"
NHIC,polygon,polygon_only_coverage_gap,False,,NHIC,CS,NewHold Investment Corp III Class A Ordinary shares
NMP,polygon,polygon_only_coverage_gap,False,,NMP,CS,NMP Acquisition Corp. Class A Ordinary Shares
NTWO,polygon,polygon_only_coverage_gap,False,,NTWO,CS,Newbury Street II Acquisition Corp Class A Ordinary Shares
OACC,polygon,polygon_only_coverage_gap,False,,OACC,CS,Oaktree Acquisition Corp. III Life Sciences Class A Ordinary Share
OBA,polygon,polygon_only_coverage_gap,False,,OBA,CS,Oxley Bridge Acquisition Limited Class A Ordinary Shares
OFSSH,polygon,polygon_only_coverage_gap,False,,OFSSH,CS,OFS Capital Corporation 4.95% Notes due 2028
OFSSO,polygon,polygon_only_coverage_gap,False,,OFSSO,CS,OFS Capital Corporation 7.50% Notes due 2028
OIMAU,polygon,polygon_only_coverage_gap,False,,OIMAU,CS,OneIM Acquisition Corp. Units
ORIQ,polygon,polygon_only_coverage_gap,False,,ORIQ,CS,Origin Investment Corp I Ordinary Shares
OTGA,polygon,polygon_only_coverage_gap,False,,OTGA,CS,OTG Acquisition Corp. I Class A Ordinary Share
OYSE,polygon,polygon_only_coverage_gap,False,,OYSE,CS,Oyster Enterprises II Acquisition Corp Class A Ordinary Shares
PALO,polygon,polygon_only_coverage_gap,False,,PALO,CS,Paloma Acquisition Corp I Class A Ordinary Shares
PLSM,polygon,polygon_only_coverage_gap,False,,PLSM,CS,Pulsenmore Ltd. Ordinary Shares
PRHIZ,polygon,polygon_only_coverage_gap,False,,PRHIZ,CS,"Presurance Holdings, Inc. 9.75% Senior Unsecured Notes due 2028"
PRN,polygon,polygon_only_coverage_gap,False,,PRN,ETF,Invesco Exchange-Traded Fund Trust Invesco Dorsey Wright Industrials Momentum ETF
QETA,polygon,polygon_only_coverage_gap,False,,QETA,CS,Quetta Acquisition Corporation Common Stock
RANG,polygon,polygon_only_coverage_gap,False,,RANG,CS,Range Capital Acquisition Corp. Ordinary Shares
RDAC,polygon,polygon_only_coverage_gap,False,,RDAC,CS,Rising Dragon Acquisition Corp. Ordinary Shares
RFAI,polygon,polygon_only_coverage_gap,False,,RFAI,CS,RF Acquisition Corp II Ordinary Shares
SBXE,polygon,polygon_only_coverage_gap,False,,SBXE,CS,SilverBox Corp V
SCII,polygon,polygon_only_coverage_gap,False,,SCII,CS,SC II Acquisition Corp. Class A ordinary share
SCPQ,polygon,polygon_only_coverage_gap,False,,SCPQ,CS,Social Commerce Partners Corporation Class A Ordinary Shares
SDHI,polygon,polygon_only_coverage_gap,False,,SDHI,CS,Siddhi Acquisition Corp Class A Common stock
SIM,polygon,polygon_only_coverage_gap,False,,SIM,ADRC,"Groupo Simec, S.A.B de C.V."
SOCA,polygon,polygon_only_coverage_gap,False,,SOCA,CS,Solarius Capital Acquisition Corp. Class A Ordinary Share
SORN,polygon,polygon_only_coverage_gap,False,,SORN,CS,Soren Acquisition Corp. Class A Ordinary Shares
SPKL,polygon,polygon_only_coverage_gap,False,,SPKL,CS,Spark I Acquisition Corp. Class A Ordinary Share
SVAQ,polygon,polygon_only_coverage_gap,False,,SVAQ,CS,Silicon Valley Acquisition Corp. Class A Ordinary Shares
SVCC,polygon,polygon_only_coverage_gap,False,,SVCC,CS,Stellar V Capital Corp. Class A Ordinary Shares
TACH,polygon,polygon_only_coverage_gap,False,,TACH,CS,Titan Acquisition Corp. Class A Ordinary Shares
TAVI,polygon,polygon_only_coverage_gap,False,,TAVI,CS,Tavia Acquisition Corp. Ordinary Shares
TDAC,polygon,polygon_only_coverage_gap,False,,TDAC,CS,Translational Development Acquisition Corp. Ordinary Shares
TMTS,polygon,polygon_only_coverage_gap,False,,TMTS,CS,Spartacus Acquisition Corp. II Class A Ordinary Shares
TVAI,polygon,polygon_only_coverage_gap,False,,TVAI,CS,Thayer Ventures Acquisition Corporation II Class A Ordinary Shares
TWLV,polygon,polygon_only_coverage_gap,False,,TWLV,CS,Twelve Seas Investment Company III Class A Ordinary Shares
UYSC,polygon,polygon_only_coverage_gap,False,,UYSC,CS,UY Scuti Acquisition Corp. Ordinary Shares
VNME,polygon,polygon_only_coverage_gap,False,,VNME,CS,Vendome Acquisition Corporation I Class A Ordinary Shares
WPAC,polygon,polygon_only_coverage_gap,False,,WPAC,CS,White Pearl Acquisition Corp.
WSTN,polygon,polygon_only_coverage_gap,False,,WSTN,CS,Westin Acquisition Corp Class A Ordinary Share
WTG,polygon,polygon_only_coverage_gap,False,,WTG,CS,Wintergreen Acquisition Corp. Ordinary Shares
XSLL,polygon,polygon_only_coverage_gap,False,,XSLL,CS,Xsolla SPAC 1 Class A Ordinary Shares
YCY,polygon,polygon_only_coverage_gap,False,,YCY,CS,AA Mission Acquisition Corp. II
ZKP,polygon,polygon_only_coverage_gap,False,,ZKP,CS,Lafayette Digital Acquisition Corp. I Class A Ordinary Shares
